{"weights": {"iteration_0": {"w0": 0.30970374887608954, "w1": 0.07742189699391343, "w2": -0.24635081951498586}, "iteration_1": {"w0": 0.2897037488760895, "w1": 0.09742189699391343, "w2": -0.22635081951498587}, "iteration_3": {"w0": 0.2697037488760895, "w1": 0.11742189699391344, "w2": -0.20635081951498588}, "iteration_4": {"w0": 0.2497037488760895, "w1": 0.09742189699391343, "w2": -0.22635081951498587}, "iteration_5": {"w0": 0.22970374887608952, "w1": 0.07742189699391343, "w2": -0.24635081951498586}, "iteration_6": {"w0": 0.20970374887608953, "w1": 0.057421896993913424, "w2": -0.26635081951498585}, "iteration_9": {"w0": 0.18970374887608954, "w1": 0.03742189699391342, "w2": -0.28635081951498587}, "iteration_11": {"w0": 0.20970374887608953, "w1": 0.01742189699391342, "w2": -0.26635081951498585}, "iteration_14": {"w0": 0.22970374887608952, "w1": -0.002578103006086581, "w2": -0.24635081951498586}, "iteration_15": {"w0": 0.20970374887608953, "w1": 0.01742189699391342, "w2": -0.22635081951498587}, "iteration_16": {"w0": 0.18970374887608954, "w1": 0.03742189699391342, "w2": -0.20635081951498588}, "iteration_18": {"w0": 0.16970374887608955, "w1": 0.01742189699391342, "w2": -0.22635081951498587}, "iteration_19": {"w0": 0.14970374887608956, "w1": 0.03742189699391342, "w2": -0.20635081951498588}, "iteration_20": {"w0": 0.16970374887608955, "w1": 0.01742189699391342, "w2": -0.1863508195149859}, "iteration_22": {"w0": 0.18970374887608954, "w1": -0.002578103006086581, "w2": -0.1663508195149859}, "iteration_24": {"w0": 0.16970374887608955, "w1": -0.02257810300608658, "w2": -0.1863508195149859}, "iteration_27": {"w0": 0.14970374887608956, "w1": -0.002578103006086581, "w2": -0.1663508195149859}, "iteration_28": {"w0": 0.12970374887608957, "w1": 0.01742189699391342, "w2": -0.1463508195149859}, "iteration_29": {"w0": 0.10970374887608957, "w1": -0.002578103006086581, "w2": -0.1663508195149859}, "iteration_30": {"w0": 0.08970374887608956, "w1": 0.01742189699391342, "w2": -0.1463508195149859}, "iteration_33": {"w0": 0.06970374887608956, "w1": 0.03742189699391342, "w2": -0.12635081951498592}, "iteration_35": {"w0": 0.049703748876089554, "w1": 0.057421896993913424, "w2": -0.10635081951498591}, "iteration_36": {"w0": 0.06970374887608956, "w1": 0.03742189699391342, "w2": -0.08635081951498591}, "iteration_37": {"w0": 0.08970374887608956, "w1": 0.01742189699391342, "w2": -0.0663508195149859}, "iteration_42": {"w0": 0.06970374887608956, "w1": -0.002578103006086581, "w2": -0.08635081951498591}, "iteration_43": {"w0": 0.08970374887608956, "w1": -0.02257810300608658, "w2": -0.0663508195149859}, "iteration_45": {"w0": 0.06970374887608956, "w1": -0.002578103006086581, "w2": -0.0463508195149859}, "iteration_48": {"w0": 0.049703748876089554, "w1": -0.02257810300608658, "w2": -0.0663508195149859}, "iteration_50": {"w0": 0.029703748876089554, "w1": -0.002578103006086581, "w2": -0.0463508195149859}, "iteration_53": {"w0": 0.009703748876089553, "w1": 0.01742189699391342, "w2": -0.026350819514985902}, "iteration_54": {"w0": 0.029703748876089554, "w1": -0.002578103006086581, "w2": -0.006350819514985902}, "iteration_55": {"w0": 0.009703748876089553, "w1": -0.02257810300608658, "w2": -0.026350819514985902}, "iteration_59": {"w0": -0.010296251123910447, "w1": -0.002578103006086581, "w2": -0.006350819514985902}, "iteration_60": {"w0": 0.009703748876089553, "w1": 0.01742189699391342, "w2": -0.026350819514985902}, "iteration_62": {"w0": 0.029703748876089554, "w1": -0.002578103006086581, "w2": -0.006350819514985902}, "iteration_65": {"w0": 0.009703748876089553, "w1": -0.02257810300608658, "w2": -0.026350819514985902}, "iteration_69": {"w0": -0.010296251123910447, "w1": -0.002578103006086581, "w2": -0.006350819514985902}, "iteration_70": {"w0": 0.009703748876089553, "w1": 0.01742189699391342, "w2": -0.026350819514985902}, "iteration_71": {"w0": -0.010296251123910447, "w1": 0.03742189699391342, "w2": -0.006350819514985902}, "iteration_72": {"w0": -0.030296251123910448, "w1": 0.01742189699391342, "w2": -0.026350819514985902}, "iteration_79": {"w0": -0.010296251123910447, "w1": -0.002578103006086581, "w2": -0.006350819514985902}, "iteration_80": {"w0": 0.009703748876089553, "w1": 0.01742189699391342, "w2": -0.026350819514985902}, "iteration_81": {"w0": -0.010296251123910447, "w1": -0.002578103006086581, "w2": -0.0463508195149859}, "iteration_82": {"w0": -0.030296251123910448, "w1": 0.01742189699391342, "w2": -0.026350819514985902}, "iteration_86": {"w0": -0.010296251123910447, "w1": -0.002578103006086581, "w2": -0.006350819514985902}, "iteration_88": {"w0": 0.009703748876089553, "w1": 0.01742189699391342, "w2": -0.026350819514985902}, "iteration_90": {"w0": 0.029703748876089554, "w1": -0.002578103006086581, "w2": -0.006350819514985902}, "iteration_93": {"w0": 0.009703748876089553, "w1": 0.01742189699391342, "w2": 0.013649180485014099}}}