{
  "weights": {
    "iteration_0": {
      "w0": 0.5787158079479633,
      "w1": 0.5347446276089924,
      "w2": 0.3000714844306646
    },
    "iteration_1": {
      "w0": 0.3787158079479633,
      "w1": 0.7347446276089924,
      "w2": 0.1000714844306646
    },
    "iteration_12": {
      "w0": -0.42128419205203677,
      "w1": 0.33474462760899243,
      "w2": 0.5000714844306646
    }
  }
}